Datetime,Water Level (m)
2025-04-15 00:00:00,-1.1634904
2025-04-15 01:00:00,-1.7919939
2025-04-15 02:00:00,-2.1888108
2025-04-15 03:00:00,-1.8464346
2025-04-15 04:00:00,-0.7994661
2025-04-15 05:00:00,0.22590105
2025-04-15 06:00:00,1.1659846
2025-04-15 07:00:00,1.6718459
2025-04-15 08:00:00,1.8451995
2025-04-15 09:00:00,1.5889975
2025-04-15 10:00:00,0.9669199
2025-04-15 11:00:00,0.15491705
2025-04-15 12:00:00,-0.71874154
2025-04-15 13:00:00,-1.5309134
2025-04-15 14:00:00,-2.090756
2025-04-15 15:00:00,-2.0687916
2025-04-15 16:00:00,-1.0781246
2025-04-15 17:00:00,-0.10628242
2025-04-15 18:00:00,0.7447412
2025-04-15 19:00:00,1.2362401
2025-04-15 20:00:00,1.4029266
2025-04-15 21:00:00,1.243892
2025-04-15 22:00:00,0.71820474
2025-04-15 23:00:00,-0.02477913
2025-04-16 00:00:00,-0.8720537
2025-04-16 01:00:00,-1.6115205
2025-04-16 02:00:00,-2.1577108
2025-04-16 03:00:00,-2.1986294
2025-04-16 04:00:00,-1.1992388
2025-04-16 05:00:00,-0.15081035
2025-04-16 06:00:00,0.80344546
2025-04-16 07:00:00,1.4568888
2025-04-16 08:00:00,1.7512695
2025-04-16 09:00:00,1.7075466
2025-04-16 10:00:00,1.2747074
2025-04-16 11:00:00,0.5840094
2025-04-16 12:00:00,-0.24218476
2025-04-16 13:00:00,-1.0482389
2025-04-16 14:00:00,-1.6840262
2025-04-16 15:00:00,-1.9586691
2025-04-16 16:00:00,-1.594853
2025-04-16 17:00:00,-0.5979134
2025-04-16 18:00:00,0.22146066
2025-04-16 19:00:00,0.90399545
2025-04-16 20:00:00,1.2126154
2025-04-16 21:00:00,1.2384838
2025-04-16 22:00:00,0.91560155
2025-04-16 23:00:00,0.2936854
2025-04-17 00:00:00,-0.43408433
2025-04-17 01:00:00,-1.1784284
2025-04-17 02:00:00,-1.7861778
2025-04-17 03:00:00,-2.1036654
2025-04-17 04:00:00,-1.6991466
2025-04-17 05:00:00,-0.62271714
2025-04-17 06:00:00,0.2952111
2025-04-17 07:00:00,1.1007502
2025-04-17 08:00:00,1.5408385
2025-04-17 09:00:00,1.6943694
2025-04-17 10:00:00,1.4885399
2025-04-17 11:00:00,0.93519044
2025-04-17 12:00:00,0.21992074
2025-04-17 13:00:00,-0.5596686
2025-04-17 14:00:00,-1.2732056
2025-04-17 15:00:00,-1.717998
2025-04-17 16:00:00,-1.7101305
2025-04-17 17:00:00,-1.0392128
2025-04-17 18:00:00,-0.20905039
2025-04-17 19:00:00,0.4798154
2025-04-17 20:00:00,0.8969156
2025-04-17 21:00:00,1.0591027
2025-04-17 22:00:00,0.9498017
2025-04-17 23:00:00,0.55331326
2025-04-18 00:00:00,-0.05714979
2025-04-18 01:00:00,-0.7475688
2025-04-18 02:00:00,-1.3801187
2025-04-18 03:00:00,-1.7596914
2025-04-18 04:00:00,-1.7642573
2025-04-18 05:00:00,-1.059154
2025-04-18 06:00:00,-0.17448208
2025-04-18 07:00:00,0.6594811
2025-04-18 08:00:00,1.2381809
2025-04-18 09:00:00,1.5497683
2025-04-18 10:00:00,1.5728253
2025-04-18 11:00:00,1.2735411
2025-04-18 12:00:00,0.7048342
2025-04-18 13:00:00,-0.0086482875
2025-04-18 14:00:00,-0.70989305
2025-04-18 15:00:00,-1.3064919
2025-04-18 16:00:00,-1.5951986
2025-04-18 17:00:00,-1.4188589
2025-04-18 18:00:00,-0.7162019
2025-04-18 19:00:00,-0.0638204
2025-04-18 20:00:00,0.47315487
2025-04-18 21:00:00,0.7565284
2025-04-18 22:00:00,0.88588846
2025-04-18 23:00:00,0.80476546
2025-04-19 00:00:00,0.4428387
2025-04-19 01:00:00,-0.1243375
2025-04-19 02:00:00,-0.79098326
2025-04-19 03:00:00,-1.2926685
2025-04-19 04:00:00,-1.5742555
2025-04-19 05:00:00,-1.4842356
2025-04-19 06:00:00,-0.82962114
2025-04-19 07:00:00,-0.05954183
2025-04-19 08:00:00,0.6400329
2025-04-19 09:00:00,1.129405
2025-04-19 10:00:00,1.366304
2025-04-19 11:00:00,1.3401924
2025-04-19 12:00:00,1.0115643
2025-04-19 13:00:00,0.49345854
2025-04-19 14:00:00,-0.13409735
2025-04-19 15:00:00,-0.7274149
2025-04-19 16:00:00,-1.1857736
2025-04-19 17:00:00,-1.3945065
2025-04-19 18:00:00,-1.2021921
2025-04-19 19:00:00,-0.6372111
2025-04-19 20:00:00,-0.08155336
2025-04-19 21:00:00,0.38083994
2025-04-19 22:00:00,0.68394876
2025-04-19 23:00:00,0.7617249
2025-04-20 00:00:00,0.61406493
2025-04-20 01:00:00,0.26210612
2025-04-20 02:00:00,-0.22101928
2025-04-20 03:00:00,-0.71495295
2025-04-20 04:00:00,-1.1253695
2025-04-20 05:00:00,-1.3206307
2025-04-20 06:00:00,-1.1496475
2025-04-20 07:00:00,-0.5827375
2025-04-20 08:00:00,0.039872527
2025-04-20 09:00:00,0.6424621
2025-04-20 10:00:00,1.0371752
2025-04-20 11:00:00,1.2496371
2025-04-20 12:00:00,1.2242349
2025-04-20 13:00:00,0.9395022
2025-04-20 14:00:00,0.474371
2025-04-20 15:00:00,-0.08592618
2025-04-20 16:00:00,-0.6104151
2025-04-20 17:00:00,-1.0060935
2025-04-20 18:00:00,-1.2285676
2025-04-20 19:00:00,-1.1420629
2025-04-20 20:00:00,-0.75712156
2025-04-20 21:00:00,-0.3095725
2025-04-20 22:00:00,0.12698387
2025-04-20 23:00:00,0.45387226
2025-04-21 00:00:00,0.65231645
